codon1,codon2,probability
GGC,AGC,1.5
GGC,GAC,1.5
GGC,ACA,2.25
GGC,CCA,3.0
GGC,CTC,0.0
GGC,CTA,1.5
GGC,TGC,3.0
GGC,GCA,1.7999999999999998
GGC,ATG,1.5
GGC,TTA,3.0
GGC,TGG,3.0
GGC,CTG,3.0
GGC,ATC,1.0
GGC,CAA,1.0
GGC,TAC,1.5
GGC,ACC,3.0
GGC,GAA,1.0
GGC,TTG,3.0
GGC,GTA,2.25
GGC,TCA,3.0
GGC,AAC,2.25
GGC,TTC,2.0
GGC,AAA,1.5
GGC,CAC,3.0
GGC,GGA,1.5
GGC,TCC,3.0
GGC,CGT,2.25
AGC,GAC,1.5
AGC,ACA,1.5
AGC,CCA,2.0
AGC,CTC,6.0
AGC,CTA,3.0
AGC,TGC,0.0
AGC,GCA,1.2
AGC,ATG,1.5
AGC,TTA,2.0
AGC,TGG,0.0
AGC,CTG,6.0
AGC,ATC,2.0
AGC,CAA,2.0
AGC,TAC,0.0
AGC,ACC,0.0
AGC,GAA,2.0
AGC,TTG,0.0
AGC,GTA,1.5
AGC,TCA,6.0
AGC,AAC,3.0
AGC,TTC,2.0
AGC,AAA,3.0
AGC,CAC,3.0
AGC,GGA,3.0
AGC,TCC,0.0
AGC,CGT,1.5
GAC,ACA,1.5
GAC,CCA,1.0
GAC,CTC,0.0
GAC,CTA,0.0
GAC,TGC,3.0
GAC,GCA,0.6
GAC,ATG,2.25
GAC,TTA,2.0
GAC,TGG,3.0
GAC,CTG,3.0
GAC,ATC,1.0
GAC,CAA,1.0
GAC,TAC,1.5
GAC,ACC,0.0
GAC,GAA,1.5
GAC,TTG,3.0
GAC,GTA,1.5
GAC,TCA,3.0
GAC,AAC,1.5
GAC,TTC,3.0
GAC,AAA,1.5
GAC,CAC,3.0
GAC,GGA,1.5
GAC,TCC,3.0
GAC,CGT,0.75
ACA,CCA,2.0
ACA,CTC,0.0
ACA,CTA,1.5
ACA,TGC,3.0
ACA,GCA,1.2
ACA,ATG,1.5
ACA,TTA,3.0
ACA,TGG,3.0
ACA,CTG,3.0
ACA,ATC,1.0
ACA,CAA,2.0
ACA,TAC,3.0
ACA,ACC,0.0
ACA,GAA,1.5
ACA,TTG,3.0
ACA,GTA,3.0
ACA,TCA,3.0
ACA,AAC,1.5
ACA,TTC,2.0
ACA,AAA,1.5
ACA,CAC,3.0
ACA,GGA,1.5
ACA,TCC,3.0
ACA,CGT,1.5
CCA,CTC,0.0
CCA,CTA,2.0
CCA,TGC,0.0
CCA,GCA,2.4
CCA,ATG,1.0
CCA,TTA,2.6666666666666665
CCA,TGG,0.0
CCA,CTG,4.0
CCA,ATC,1.3333333333333333
CCA,CAA,0.0
CCA,TAC,0.0
CCA,ACC,4.0
CCA,GAA,0.6666666666666666
CCA,TTG,0.0
CCA,GTA,2.0
CCA,TCA,4.0
CCA,AAC,2.0
CCA,TTC,1.3333333333333333
CCA,AAA,2.0
CCA,CAC,2.0
CCA,GGA,2.0
CCA,TCC,0.0
CCA,CGT,3.0
CTC,CTA,6.0
CTC,TGC,0.0
CTC,GCA,0.0
CTC,ATG,0.0
CTC,TTA,0.0
CTC,TGG,0.0
CTC,CTG,0.0
CTC,ATC,0.0
CTC,CAA,4.0
CTC,TAC,0.0
CTC,ACC,0.0
CTC,GAA,2.0
CTC,TTG,0.0
CTC,GTA,0.0
CTC,TCA,0.0
CTC,AAC,3.0
CTC,TTC,0.0
CTC,AAA,3.0
CTC,CAC,0.0
CTC,GGA,0.0
CTC,TCC,0.0
CTC,CGT,0.0
CTA,TGC,0.0
CTA,GCA,1.2
CTA,ATG,0.0
CTA,TTA,2.0
CTA,TGG,0.0
CTA,CTG,0.0
CTA,ATC,0.0
CTA,CAA,2.0
CTA,TAC,0.0
CTA,ACC,0.0
CTA,GAA,1.0
CTA,TTG,0.0
CTA,GTA,1.5
CTA,TCA,0.0
CTA,AAC,1.5
CTA,TTC,0.0
CTA,AAA,3.0
CTA,CAC,0.0
CTA,GGA,0.0
CTA,TCC,0.0
CTA,CGT,1.5
TGC,GCA,0.0
TGC,ATG,3.0
TGC,TTA,4.0
TGC,TGG,12.0
TGC,CTG,0.0
TGC,ATC,0.0
TGC,CAA,4.0
TGC,TAC,6.0
TGC,ACC,0.0
TGC,GAA,2.0
TGC,TTG,12.0
TGC,GTA,3.0
TGC,TCA,0.0
TGC,AAC,3.0
TGC,TTC,4.0
TGC,AAA,0.0
TGC,CAC,6.0
TGC,GGA,0.0
TGC,TCC,12.0
TGC,CGT,0.0
GCA,ATG,0.6
GCA,TTA,1.5999999999999999
GCA,TGG,0.0
GCA,CTG,2.4
GCA,ATC,2.4
GCA,CAA,0.0
GCA,TAC,0.0
GCA,ACC,2.4
GCA,GAA,0.39999999999999997
GCA,TTG,0.0
GCA,GTA,1.2
GCA,TCA,2.4
GCA,AAC,1.2
GCA,TTC,0.7999999999999999
GCA,AAA,1.2
GCA,CAC,1.2
GCA,GGA,1.2
GCA,TCC,0.0
GCA,CGT,1.7999999999999998
ATG,TTA,2.0
ATG,TGG,3.0
ATG,CTG,3.0
ATG,ATC,1.0
ATG,CAA,1.0
ATG,TAC,1.5
ATG,ACC,0.0
ATG,GAA,1.5
ATG,TTG,3.0
ATG,GTA,1.5
ATG,TCA,3.0
ATG,AAC,1.5
ATG,TTC,2.0
ATG,AAA,0.75
ATG,CAC,3.0
ATG,GGA,1.5
ATG,TCC,3.0
ATG,CGT,0.75
TTA,TGG,4.0
TTA,CTG,4.0
TTA,ATC,1.3333333333333333
TTA,CAA,1.3333333333333333
TTA,TAC,2.0
TTA,ACC,0.0
TTA,GAA,1.3333333333333333
TTA,TTG,4.0
TTA,GTA,3.0
TTA,TCA,4.0
TTA,AAC,2.0
TTA,TTC,2.6666666666666665
TTA,AAA,2.0
TTA,CAC,4.0
TTA,GGA,2.0
TTA,TCC,4.0
TTA,CGT,2.0
TGG,CTG,0.0
TGG,ATC,0.0
TGG,CAA,4.0
TGG,TAC,6.0
TGG,ACC,0.0
TGG,GAA,2.0
TGG,TTG,12.0
TGG,GTA,3.0
TGG,TCA,0.0
TGG,AAC,3.0
TGG,TTC,4.0
TGG,AAA,0.0
TGG,CAC,6.0
TGG,GGA,0.0
TGG,TCC,12.0
TGG,CGT,0.0
CTG,ATC,4.0
CTG,CAA,0.0
CTG,TAC,0.0
CTG,ACC,0.0
CTG,GAA,2.0
CTG,TTG,0.0
CTG,GTA,3.0
CTG,TCA,12.0
CTG,AAC,3.0
CTG,TTC,4.0
CTG,AAA,3.0
CTG,CAC,6.0
CTG,GGA,6.0
CTG,TCC,0.0
CTG,CGT,3.0
ATC,CAA,0.0
ATC,TAC,0.0
ATC,ACC,0.0
ATC,GAA,0.6666666666666666
ATC,TTG,0.0
ATC,GTA,1.0
ATC,TCA,4.0
ATC,AAC,1.0
ATC,TTC,1.3333333333333333
ATC,AAA,1.0
ATC,CAC,2.0
ATC,GGA,2.0
ATC,TCC,0.0
ATC,CGT,1.0
CAA,TAC,4.0
CAA,ACC,0.0
CAA,GAA,2.0
CAA,TTG,4.0
CAA,GTA,2.0
CAA,TCA,0.0
CAA,AAC,2.0
CAA,TTC,1.3333333333333333
CAA,AAA,1.0
CAA,CAC,2.0
CAA,GGA,0.0
CAA,TCC,4.0
CAA,CGT,0.0
TAC,ACC,0.0
TAC,GAA,2.0
TAC,TTG,6.0
TAC,GTA,3.0
TAC,TCA,0.0
TAC,AAC,1.5
TAC,TTC,2.0
TAC,AAA,0.0
TAC,CAC,3.0
TAC,GGA,0.0
TAC,TCC,6.0
TAC,CGT,0.0
ACC,GAA,0.0
ACC,TTG,0.0
ACC,GTA,0.0
ACC,TCA,0.0
ACC,AAC,3.0
ACC,TTC,0.0
ACC,AAA,0.0
ACC,CAC,0.0
ACC,GGA,0.0
ACC,TCC,0.0
ACC,CGT,3.0
GAA,TTG,2.0
GAA,GTA,1.5
GAA,TCA,2.0
GAA,AAC,1.5
GAA,TTC,2.0
GAA,AAA,1.5
GAA,CAC,2.0
GAA,GGA,1.0
GAA,TCC,2.0
GAA,CGT,0.5
TTG,GTA,3.0
TTG,TCA,0.0
TTG,AAC,3.0
TTG,TTC,4.0
TTG,AAA,0.0
TTG,CAC,6.0
TTG,GGA,0.0
TTG,TCC,12.0
TTG,CGT,0.0
GTA,TCA,3.0
GTA,AAC,1.5
GTA,TTC,2.0
GTA,AAA,1.5
GTA,CAC,3.0
GTA,GGA,1.5
GTA,TCC,3.0
GTA,CGT,1.5
TCA,AAC,3.0
TCA,TTC,4.0
TCA,AAA,3.0
TCA,CAC,6.0
TCA,GGA,6.0
TCA,TCC,0.0
TCA,CGT,3.0
AAC,TTC,2.0
AAC,AAA,1.5
AAC,CAC,3.0
AAC,GGA,1.5
AAC,TCC,3.0
AAC,CGT,1.5
TTC,AAA,2.0
TTC,CAC,4.0
TTC,GGA,2.0
TTC,TCC,4.0
TTC,CGT,1.0
AAA,CAC,1.5
AAA,GGA,1.5
AAA,TCC,0.0
AAA,CGT,1.5
CAC,GGA,3.0
CAC,TCC,6.0
CAC,CGT,1.5
GGA,TCC,0.0
GGA,CGT,3.0
TCC,CGT,0.0
